.y.,group1,group2,n1,n2,statistic,df,p,p.adj,p.adj.signif,y.position
MAE,16S,16S-ITS,8,8,-0.7497627729749314,13.936594786338548,0.466,0.466,ns,1010
MAE,16S,ITS,8,8,-3.8555486348458397,13.199289222408652,0.002,0.006,**,1025
MAE,16S-ITS,ITS,8,8,-3.3052008059495535,12.782497261347189,0.006,0.012,*,1050
